报告范围=["每日"],选择日期=["2025-08-10"],,,,,,,,,,,,,,,,,,,
搜索频率排名,搜索词,点击量最高的品牌 #1,点击量最高的品牌 #2,点击量最高的品牌 #3,点击量最高的类别 #1,点击量最高的类别 #2,点击量最高的类别 #3,点击量最高的商品 #1：ASIN,点击量最高的商品 #1：商品名称,点击量最高的商品 #1：点击份额,点击量最高的商品 #1：转化份额,点击量最高的商品 #2：ASIN,点击量最高的商品 #2：商品名称,点击量最高的商品 #2：点击份额,点击量最高的商品 #2：转化份额,点击量最高的商品 #3：ASIN,点击量最高的商品 #3：商品名称,点击量最高的商品 #3：点击份额,点击量最高的商品 #3：转化份额,报告日期
1,the summer i turned pretty,,Simon & Schuster,Just Juice,Digital_Video_Download,Digital_Ebook_Purchase,Books,B0F55DL82Z,The Summer I Turned Pretty - Season 3,40.05,0,B0FG6DHCQN,Last Dance,12.86,0,B09NF5WQ5Q,The Summer I Turned Pretty,10.83,0,2025/8/10
2,tinnitus relief for ringing ears,Life Nutrition,aginize,Green Hills,Health & Personal Care,Beauty,Biss,B0FL2BZTWQ,"Life Nutrition 120 Capsules-Tinnitus Relief for Ringing Ears, Ear Health Vitamins Supports Hearing Loss and Reduces Ringing in The Ears for Men & Women",10.65,1.92,B0FG2VJ13M,"Tinnitus Relief for Ringing Ears Supplement - 1200mg, Promote Ear Comfort & Healthy Hearing, Reduces Ear Noise/Buzzing, 120 Capsules (60-Day Supply)",10.34,0,B0F8QLW38C,"Green Hills Tinnitus Relief for Ringing Ears, Natural Ear Ringing Relief for Clogged Ears,Reduce Ear Noise & Improve Hearing, 60ML",9.55,0,2025/8/10
3,paper towels,Bounty,SPARKLE,Amazon Basics,Health & Personal Care,Biss,Home,B09BWFX1L6,"Amazon Basics 2-Ply Flex-Sheets Paper Towels, 12 Basics Rolls = 32 Regular Rolls, Everyday Value with 150 Sheets per Roll",14.13,10.87,B0DF8RSVJK,"Scott Paper Towels, Choose-A-Sheet, 6 Double Rolls = 12 Regular Rolls (108 Sheets Per Roll)",9.94,9.23,B07MHJFRBJ,"Bounty Quick Size Paper Towels, White, 8 Family Rolls = 20 Regular Rolls",9.82,9.41,2025/8/10
4,toilet paper,Charmin,Scott,Amazon Basics,Health & Personal Care,Biss,Home,B07BGLT25K,"Scott ComfortPlus Toilet Paper, 12 Double Rolls, 231 Sheets per Roll, Septic-Safe, 1-Ply Toilet Tissue",16.13,14.34,B095CN96JS,"Amazon Basics 2-Ply Soft Toilet Paper, 30 Rolls (5 Packs of 6), Equivalent to 185 Regular Rolls, Packaging May Vary",11.73,9.02,B0CDZJ9JJC,Charmin Ultra Soft Toilet Paper 6 Mega Rolls = 24 Regular Rolls,6.15,6.24,2025/8/10
5,owala,OWALA,Simple Modern,,Kitchen,Outdoors,Grocery,B0BZYCJK89,"Owala FreeSip Insulated Stainless Steel Water Bottle with Straw, BPA-Free Sports Water Bottle, Great for Travel, 24 Oz, Denim",37.55,6.76,B0F2WPH4PF,"Owala Disney Princess FreeSip Insulated Stainless Steel Water Bottle with Straw for Sports and Travel, BPA-Free Sports Water Bottle, 24 oz, Rapunzel",16.78,2.84,B0FDSCPBPM,Owala FreeSip Sway - Stainless Steel - 30-oz. -Orng/Tn(Sparkling Sherbet),5.91,1.04,2025/8/10
6,boho tops for women,Zeagoo,ANRABESS,Falechay,Apparel,Shoes,Wireless,B0DJJPN62D,ANRABESS Womens Short Sleeve Henley Tops V Neck Dressy Casual Blouses Summer Trendy Tee Shirts 2025 Vacation Fashion Clothes Black L,5.27,1.43,B0FH5CLDBP,Peasant Blouses for Women Gauze Cotton 3/4 Length Sleeve Loose Fit Casual Boho Tops Summer Floral Lightweight Flowy Tees Boho Tops for Women Plus Size,4.82,0.19,B0DPQBJ1DW,Alaroo Summer Tops for Women 2025 Boho Business Casual Short Sleeve T Shirts Beach Vacation Print 16 L,4.51,1.25,2025/8/10
7,pencil case,SPACEMATE,EASTHILL,CICIMELON,Office Products,Home,Art and Craft Supplies,B08P48YL4G,CICIMELON Large Capacity Pencil Case 3 Compartment Pouch Pen Bag for School Teen Girl Boy Men Women (Pink),8.59,3.05,B0BJPDJ84Y,"WEMATE Large Pencil Case Aesthetic,Big Capacity Canvas Pencil Pouch with Zipper, Pencil Case for Women & Men, Marker Pen Case,Portable Stationery Pencil Bag for Office Light Grey",7.72,3.97,B0BZYCHWJX,"SPACEMATE Pencil Case Pouch Box Bag School Supplies Girls Boys Kids, Cute Preppy Stuff Large Big Capacity Aesthetic Pen Organizer, Back to College Stationary, Purple, Heavy Duty Canvas, 1800ml",5.86,1.26,2025/8/10
8,amazon gift card,Amazon,Visa,Roblox,Gift Card,Consumables_Physical_Gift_Cards,Consumables_Email_Gift_Cards,B07PCMWTSG,Amazon eGift Card - Amazon Logo (Animated),38.9,29.4,B09LQTPHSG,Amazon eGift Card - Bright Balloons (Animated),26.36,21.78,B0B9SJL23F,Amazon.com Gift Card for any amount in a Birthday Cake Box Blue,6.38,5.87,2025/8/10
9,jurassic world rebirth,,UNIVERSAL,Mattel,Digital_Video_Download,Video DVD,Toys,B0DH167RJQ,Jurassic World Rebirth,74.16,0,B0DGZSXR3B,Jurassic World Rebirth,12.95,0,B00ZHWHU40,Jurassic World,3.34,0,2025/8/10
10,water bottle,OWALA,POWCAN,STANLEY,Kitchen,Outdoors,Home,B085DV8T75,"Owala FreeSip Insulated Stainless Steel Water Bottle with Straw, BPA-Free Sports Water Bottle, Great for Travel, 24 Oz, Shy Marshmallow",21.37,1.99,B0D8J37DHP,"POWCAN 26 oz Insulated Water Bottle with 2-in-1 Straw and Spout Lid, Keep Cold 24H, Leak-Proof, Fits in Car Cup Holder, Stainless Steel Water Bottle for Sports, Travel, and School (Cotton Candy)",5.44,1.65,B09FPXGLGF,"Sahara Sailor Water Bottle 32oz, Durable and Leakproof Water Bottles Motivational with Time Marker, Tritan, BPA Free, Wide Mouth with Easy Clean Brush for Gym, Travel, Home, School, Office (1 Bottle)",2.88,2.38,2025/8/10
11,ipad,Apple,CUPEISI,accrosoo,PC,Wireless,Digital_Text_2,B0DZ75TN5F,"Apple iPad 11-inch: A16 chip, 11-inch Model, Liquid Retina Display, 128GB, Wi-Fi 6, 12MP Front/12MP Back Camera, Touch ID, All-Day Battery Life — Blue",38.21,29.45,B0DZ7871B8,"Apple iPad 11-inch: A16 chip, 11-inch Model, Liquid Retina Display, 128GB, Wi-Fi 6, 12MP Front/12MP Back Camera, Touch ID, All-Day Battery Life — Pink",11.43,4.83,B08264XHCZ,"Apple iPad, 10.2-Inch, Wi-Fi, 32GB, Space Gray (Renewed)",5.53,2,2025/8/10
12,labubu,POP MART,WESUN,,Toys,Apparel,Home,B0DRVPMBX3,"POP MART The Monsters COCA-COLA Series-Vinyl Face Blind Box, Blind Box Figures, Random Design Action Figures Collectible Toys Home Decorations, Holiday Birthday Gifts, Single Box",23.58,5.84,B0F7WZG4RF,"WESUN 3.0 Keychain Accessory Decor, Keychain Decoration Backpacks Bag Pendant, Collection Plush Hanging, Pendant Keyring Gift (Luck)",15.26,11.02,B0F7WJXKSB,"WESUN 3.0 Keychain Accessory Decor, Keychain Decoration Backpacks Bag Pendant, Collection Plush Hanging, Pendant Keyring Gift (Loyalty)",8.95,5.68,2025/8/10
13,the chosen,,The Chosen,BroadStreet Publishing,Digital_Video_Download,Video DVD,Jewelry,B0F4RTDRWB,The Chosen,18.06,0,B0CBYGGR97,The Chosen - Season 1,11.93,0,B0BZX1HJ7L,I Have Called You By Name,10.32,0,2025/8/10
14,magnesium glycinate,Pure Encapsulations,Double Wood Supplements,Nature Made,Health & Personal Care,Prescription_Drugs,Commerical_Onemedical_Membership,B07P5K7DQP,"Pure Encapsulations Magnesium (Glycinate) - Supplement to Support Stress Relief, Sleep, Heart Health, Nerves, Muscles, and Metabolism* - with Magnesium Glycinate - 90 Capsules",13.17,10.71,B0B6CTYD6S,"Magnesium Glycinate 400mg, 180 Capsules (Vegan Safe, Third Party Tested, Gluten Free, Non-GMO) High Absorption Magnesium by Double Wood Supplements",6.64,6.24,B0D3FGRBKQ,"Futurebiotics Magnesium Glycinate 200 MG per Serving Chelated for High Absorption, Gentle On Stomach, Non-GMO, 60 Vegetarian Capsules",6.02,3.46,2025/8/10
15,backpack,JANSPORT,THE NORTH FACE,MATEIN,Luggage,PC,Apparel,B0007QCQGI,"JanSport SuperBreak One Backpacks - Durable, Lightweight Bookbag with 1 Main Compartment, Front Utility Pocket with Built-in Organizer - Premium Backpack, Black",9.6,4.64,B06XZTZ7GB,"MATEIN Travel Laptop Backpack, Business Anti Theft Slim Sturdy Laptops Backpack with USB Charging Port, Water Resistant College School Computer Bag Gift for Men & Women Fits 15.6 Inch Notebook, Grey",6.92,3.59,B08W2MV4R6,JanSport SuperBreak Plus Backpack with Padded 15-inch Laptop Sleeve and Integrated Bottle Pocket - Spacious and Durable Daypack for Work and Travel - Blue Dusk,3.17,1.1,2025/8/10
16,jansport backpack,JANSPORT,,Simple Modern,Luggage,Home,PC,B0007QCQGI,"JanSport SuperBreak One Backpacks - Durable, Lightweight Bookbag with 1 Main Compartment, Front Utility Pocket with Built-in Organizer - Premium Backpack, Black",31.54,22.4,B07K74LDCH,"JanSport Laptop Backpack - Computer Bag with 2 Compartments, Ergonomic Shoulder Straps, 15” Laptop Sleeve, Haul Handle - Black",11.44,9.56,B08W2L7MC2,"JanSport Right Pack Backpack - Durable Daypack with Padded 15"" Laptop Sleeve, Spacious Main Compartment & Integrated Water Bottle Pocket - Black",7.27,4.27,2025/8/10
17,shower curtain,Dynamene,AmazerBath,Barossa Design,Home,Electronics,Furniture,B09CYLZPYP,"Dynamene Sage Green Shower Curtain - Waffle Textured Heavy Duty Thick Fabric Shower Curtains for Bathroom, 256GSM Luxury Weighted Polyester Cloth Bath Curtain Set with 12 Plastic Hooks，72Wx72H,Green",10.69,2.99,B08QRFZ6TH,"Barossa Design Plastic Shower Liner Clear - Premium PEVA Shower Curtain Liner with Rustproof Grommets and 3 Magnets, Waterproof Cute Lightweight Standard Size Bathroom Curtains - Clear",5.56,6.01,B08CRPWQHB,"BigFoot Shower Curtain Liner – 72 x 72 PEVA Premium Shower Curtain with Rustproof Metal Grommet and 3 Magnetic Weights – Odor Free and Compatible with Standard Showers, Clear",4.13,4.02,2025/8/10
18,school outfits for teachers,ATHMILE,IWOLLENCE,WIHOLL,Apparel,Softlines_Private_Label,Guild,B0C9Q4Q33G,IWOLLENCE Women's Wide Leg Pants with Pockets High Waist Adjustable Knot Loose Casual Trousers Business Work Casual Pants Black Large,10.53,2.1,B0DS5Q49XJ,ATHMILE Womens Short Sleeve Tops Summer 2025 Trendy Blouses Square Neck Cute Dressy Casual Ruffle Trim Sleeve Tshirts,7.39,1.49,B0DNPZRZHC,AUTOMET Women's Short Sleeve Shirts Dressy Lace Summer Tops 2025 Spring Trendy Casual T-Shirts Cute Work Outfits Blouses Khaki M,4.8,0.79,2025/8/10
19,highlighters,Sharpie,BiC,Zebra,Office Products,Home,Biss,B000Q5ZGIA,"BIC Brite Liner Highlighters, Chisel Tip, 5-Count Pack of Highlighters Assorted Colors, Ideal Highlighter Set for Organizing and Coloring",13.72,15.31,B008SOAN9I,"BIC Brite Liner Highlighters, Chisel Tip, 12-Count Pack of Highlighters Assorted Colors, Ideal Highlighter Set for Organizing and Coloring",8.67,11.04,B002BA5WLE,Sharpie Tank Style Highlighters Chisel Tip Fluorescent Highlighter Marker Set Office And Teacher Supplies Assorted 12 Count,8.59,9.05,2025/8/10
20,lunch box,EASYFUN,ZM-YOUTOO,BLUBOON,Kitchen,Outdoors,Tools,B0C4H2YVPX,"Lunch Bag for Women & Men Adult Insulated Lunch Box, Small Leakproof Cooler Food Lunch Containers Reusable High Capacity Lunch Tote Bags for Work, Travel, Outdoor (Grey)",9.3,4.27,B07VLFFV5F,ZM-YOUTOO Lunch Box for Men - Reusable Lunch Bag Men Adult Women- Insulated Small LunchBox,7.82,8.06,B0CKR255GV,Lovoeo Lunch box Lunch bag for men women Insulated Lunchbox Lunch bags for Work Picnic Travel (Black),3.77,3.1,2025/8/10
21,hydrogen water tablets,VVQ,Life Nutrition,RGD,Health & Personal Care,Grocery,Biss,B0FJG1K7TQ,"120 Tablets-H2 Molecular Hydrogen Water Tablets with Magnesium, Dietary Supplement, Supports Brain Health and Cognitive Function, Helps Fight Inflammation & Stress",30.99,2.33,B0FJQZKKKS,"120 Tablets-H2 Molecular Hydrogen Water Tablets with Magnesium, Dietary Supplement, Supports Brain Health and Cognitive Function",30.32,0,B0FKYVZXCG,"Hydrogen Water Tablets with Magnesium 120 Tablets 60 Servings, H2 Molecular Fast-Dissolving Hydrogen Supplements, Metabolism Supports Brain Health and Cognitive Function",29.45,0,2025/8/10
22,eggs,Amazon Grocery,365 BY WHOLE FOODS MARKET,Vital Farms,Fresh_Perishable,Grocery,Protein,B07ZS7B3VM,"Amazon Grocery, Cage-Free Large White Eggs, Grade A, 18 Ct (Previously Fresh Brand, Packaging May Vary)",6.75,5.5,B01MZHDHVM,"Vital Farms 18 Pasture-Raised Eggs, Large, Brown, Grade A, Certified Humane, 1.5 Dozen",6.43,5.99,B00M1QWODW,"Vital Farms Organic Pasture Raised Eggs Large Brown, 12 Count",5.65,5.39,2025/8/10
23,tinnitus relief,TOPICY,FDNM,Yakitoko,Health & Personal Care,Biss,Digital_Music_Purchase,B0FDKWH4G5,"Tinnitus Relief for Ringing Ears, (50Pcs) Tinnitus Relief Patches, Natural Herbal Blend, Support Ear Tinnitus Relief for Women Men",30.13,7.14,B0FH9YYYLK,"Yakitoko Tinnitus Relief for Ringing Ears, Natural Herbal Tinnitus Relieve Ear Ringing, Itching & Improve Hearing, Ringing Relief Drops, 60ML",20.98,0,B0FJXCGY1X,"Tinnitus Relief Supplement, Natural Treatment for Reduce Ear Noise & Improve Hearing, Tinnitus Relief for Ringing Ears, 120 Capsules (2-Mon Supply)",15.68,0,2025/8/10
24,pencil pouch,SPACEMATE,CICIMELON,EASTHILL,Office Products,Home,Art and Craft Supplies,B08P48YL4G,CICIMELON Large Capacity Pencil Case 3 Compartment Pouch Pen Bag for School Teen Girl Boy Men Women (Pink),8.41,2.62,B0BJPDJ84Y,"WEMATE Large Pencil Case Aesthetic,Big Capacity Canvas Pencil Pouch with Zipper, Pencil Case for Women & Men, Marker Pen Case,Portable Stationery Pencil Bag for Office Light Grey",7.63,3.6,B0BZYCHWJX,"SPACEMATE Pencil Case Pouch Box Bag School Supplies Girls Boys Kids, Cute Preppy Stuff Large Big Capacity Aesthetic Pen Organizer, Back to College Stationary, Purple, Heavy Duty Canvas, 1800ml",6.62,1.39,2025/8/10
25,shoe rack,Kitsure,LANTEFUL,ROMGUAR CRAFT,Furniture,Home,Kitchen,B0CNGTZ3B5,"Kitsure Shoe Rack - Premium Non-Woven Shoe Rack Shelf, Shoe Organizer for Closet, Entryway, Garage & Corridor, Sturdy & Durable Long Stackable Shoe Shelves, Medium, Black",14.57,11.33,B0DG217MLL,"LANTEFUL 3 Tier Shoe Rack for Closet, Shoe Organizer with 5 Hooks, Long Shoe Shelf Storage for Sneaker and Boot Stackable Free Standing Shoe Rack for Entryway, Garage, Small Spaces, Dorm",5.1,4.16,B0C3R76MWB,ROMGUAR CRAFT 3 Tier Bamboo Shoe Rack for Closet Free Standing Wood Shoe Shelf Storage Organizer for Entryway Small Space Stackable 27"x11"x20" (Natural),4.23,2.19,2025/8/10
26,kindle,Amazon,HNVHNV,CoBak,Digital_Text,Digital_Text_2,PC,B0CFPJYX7P,"Amazon Kindle Paperwhite 16GB (newest model) – Our fastest Kindle ever, with new 7"" glare-free display and weeks of battery life – Black",28.67,14.75,B0CNV9F72P,"Amazon Kindle 16 GB (newest model) - Lightest and most compact Kindle, now with faster page turns, and higher contrast ratio, for an enhanced reading experience - Black",19.29,13.49,B0CTMS5NBS,"New Amazon Kindle (16 GB) - Lightest and most compact Kindle, with glare-free display, faster page turns, adjustable front light, and long battery life - Matcha + 3 Months of Kindle Unlimited (with auto-renewal)",4.81,1.56,2025/8/10
27,apple watch,Apple,Tensky,QVEQ,Wireless,Electronics,Home Entertainment,B0DGJ73CFS,"Apple Watch SE (2nd Gen) [GPS 40mm] Smartwatch with Starlight Aluminum Case with Starlight Sport Band S/M. Fitness and Sleep Trackers, Crash Detection, Heart Rate Monitor, Retina Display",25.24,17.76,B0DGJ5KQL7,"Apple Watch Series 10 [GPS 42mm case] Smartwatch with Jet Black Aluminium Case with Black Sport Band - S/M. Fitness Tracker, ECG App, Always-On Retina Display, Water Resistant",10.01,5.56,B0DGHYQ1VJ,"Apple Watch Series 10 [GPS 42mm case] Smartwatch with Rose Gold Aluminium Case with Light Blush Sport Band - S/M. Fitness Tracker, ECG App, Always-On Retina Display, Water Resistant",9.33,6.65,2025/8/10
28,south park,,South Park,Paramount,Digital_Video_Download,Video DVD,Toys,B0F6DZX6YM,South Park,19.48,0,B0FGBWSWWZ,South Park - Season 1,18,0,B0DMLFX8WJ,Cartman Gets An Anal Probe,13.49,0,2025/8/10
29,stanley cup,STANLEY,HydroJug,Labulabla,Outdoors,Kitchen,Biss,B0CRMWHW47,STANLEY Quencher H2.0 Tumbler with Handle and Straw 30 oz | Flowstate 3-Position Lid | Cup Holder Compatible for Travel | Insulated Stainless Steel Cup | BPA-Free | Peony,15.98,1.83,B0BNYR7MQV,"Stanley IceFlow Stainless Steel Tumbler with Straw - Vacuum Insulated Water Bottle for Home, Office or Car Reusable Cup with Straw Leak Resistant Flip Cold for 12 Hrs or Iced for 2 Days (Rose Quartz)",11.77,2.65,B0DCDZP98B,Stanley Quencher ProTour Flip Straw Tumbler with Leakproof Lid 30 oz | Built-In Straw & Handle | Cupholder Compatible for Travel | Insulated Stainless Steel Cup | BPA-Free | Rose Quartz,7.12,0.81,2025/8/10
30,air fryer,Chefman,NINJA,Cosori,Kitchen,Electronics,Biss,B07FDJMC9Q,"Ninja Air Fryer, Roast, Bake, Air Fry, Roast, Broil, Reheats, & Dehydrates, 4-in-1, Fries, Frozen Food, Veggies, and Juicy Meat, Less Oil, Easy Meals, Healthy Meals, Compact, 4 QT, Grey, AF101",11.48,8.15,B0DC11YH4J,"CHEFMAN 2 Qt Mini Air Fryer – Digital Space-Saving Compact Air Fryer with Nonstick and Dishwasher Safe Basket, Quick & Easy Meals in Minutes, Features Digital Timer and Shake Reminder – Black",11.43,7.71,B0C33CHG99,"COSORI Air Fryer 9-in-1, Compact & Large 6-Qt, Fast Turbo Modes, 90–450°F Precise Heat for Even Results, Up to 95% Less Oil*, Roast, Bake, Dry, Reheat, Frozen, Broil, Proof, 120V, TurboBlaze, Ceramic",10.04,9.45,2025/8/10
31,toothpaste,Crest,COLGATE,SENSODYNE,Beauty,Biss,Luxury_Beauty,B09F8FZ18G,"Crest 3D White Advanced Luminous Mint Teeth Whitening Toothpaste, Crest Toothpaste, 3.7 oz Pack of 4 - Helps Remove Surface Stains, Whitens Teeth, Strengthens Tooth Enamel, Protects Against Cavities",11.93,12.6,B005PLQIQ4,"Crest + Scope Whitening Toothpaste - Pack of 3, 5.4 Oz Tubes - Anticavity Fluoride Toothpaste, Fresh Breath, Kills Germs - Tartar Protection, Enamel Protection - Minty Fresh Flavor",7.41,7.84,B01BNHREXE,"Colgate Baking Soda & Peroxide Toothpaste - Whitens Teeth, Fights Cavities & Removes Stains, Brisk Mint, 6 Ounce (Pack of 2)",7.25,7.17,2025/8/10
32,wedding guest dress,PRETTYGARDEN,BTFBM,MIYIEONZ,Apparel,Beauty,Jewelry,B0DCVPKW7H,MIYIEONZ Women Sexy V Neck Sleeveless Mesh Ruffle Hem Bodycon Maxi Dress Casual Y2K Backless High Slit Cocktail Party Club Dress Yellow,2.69,0,B0DP6ZZY1D,"BTFBM Women Summer Floral Maxi Dresses Elegant Spaghetti Strap Dress Printed Party Dress Beach Long Dresses(Floral Green,Large)",2.19,0,B0C53FB542,"ZZV Wedding Guest Dresses for Women 2024 Gowns Evening Party Cocktail Dress,Long Split Elegant V Neck Wrap Ruffle Wedding Guest Dresses Black-XL",1.33,0,2025/8/10
33,bmf,,Lionsgate,St. Martin's Press,Digital_Video_Download,Digital_Music_Purchase,Video DVD,B0FJD1CNL8,Point of No Return,29.34,,B09Y1Q73NQ,BMF,24.24,,B0FBN7G5BL,BMF - Season 4,14.89,,2025/8/10
34,iphone 16 pro max case,SUPFINE,Otterbox,FNTCASE,Wireless,Guild,Electronics,B0DKCF6J6Q,"SUPFINE Magnetic for iPhone 16 Pro Max Case (Compatible with MagSafe) (Military Grade Drop Protection) Translucent Matte Shockproof Phone Cover, Black",7.84,6.68,B0D9YHM1YR,FNTCASE for iPhone 16 Pro-Max Case: Magnetic Military Grade Drop Protection Anti Yellowing Cell Phone Cover - Rugged Shockproof Protective Bumper Transparent Cases,4.72,3.84,B0D89KKC58,"ORNARTO Compatible with iPhone 16 Pro Max Case 6.9"", Slim Liquid Silicone 3 Layers Soft Gel Rubber Shockproof Protective Case with Anti-Scratch Microfiber Lining-Chalk Pink",3.12,1.27,2025/8/10
35,the gilded age,,HBO,Majosta,Digital_Video_Download,Video DVD,Books,B0DH2DW5R9,"The Gilded Age, Season 3",21.24,0,B09KG8VR7M,The Gilded Age,20.48,0,B0FGBFL94Q,Ex-Communicated,13.16,0,2025/8/10
36,aa batteries,Amazon Basics,Duracell,Energizer,Health & Personal Care,Electronics,Biss,B00NTCH52W,"Amazon Basics 20-Pack AA Alkaline High-Performance Batteries, 1.5 Volt, 10-Year Shelf Life",26.55,22.08,B00MNV8E0C,"Amazon Basics 48-Pack AA Alkaline High-Performance Batteries, 1.5 Volt, 10-Year Shelf Life",13.84,12.22,B09RTVD1GF,"Energizer AA Batteries Alkaline Power, 32 Count Alkaline Double A Battery Pack",9.7,8.84,2025/8/10
37,methylene blue drops,RGD,IHW,wonlute,Health & Personal Care,Biss,Camera,B0FKTDGJ8V,"Methylene Blue Drops Pharmaceutical Grade 2Oz, 1% USP Grade Blue Methylene for Humans, Highly Absorbable Supports Brain for Memory and Focus, Third-Party Tested, Made in USA",37.24,0,B0FL6MWRY5,"IHW Methylene Blue Drops, USP Grade 1% Methylene Blue Pharmaceutical Grade, Health Dietary Supplement for Memory Focus, Liquid Drops Increased Absorption,No Formaldehyde",35.38,0,B0FK2FVK3Z,"Methylene Blue 1% Liquid Drops, Methylene Blue Pharmaceutical Grade (USP) for Humans Brain Health and Energy Support, 2 Oz",18.8,0,2025/8/10
38,airpods,Apple,Beats,,Wireless,Electronics,Video Games,B0DGHMNQ5Z,"Apple AirPods 4 Wireless Earbuds, Bluetooth Headphones, Personalized Spatial Audio, Sweat and Water Resistant, USB-C Charging Case, H2 Chip, Up to 30 Hours of Battery Life, Effortless Setup for iPhone",44.47,40.75,B0D1XD1ZV3,"Apple AirPods Pro 2 Wireless Earbuds, Active Noise Cancellation, Hearing Aid Feature, Bluetooth Headphones, Transparency, Personalized Spatial Audio, High-Fidelity Sound, H2 Chip, USB-C Charging",22.56,23.91,B07SKLLYTW,Apple AirPods 2 with Charging Case - White (Renewed),8.52,2.88,2025/8/10
39,tattoo cover up patch,WOPLAGYREAT,CURECURE,Yakitoko,Beauty,Health & Personal Care,Personal_Care_Appliances,B0FG7V48M9,"Tattoo Cover Up Patch, 6 Pcs Ultra Thin Tattoo Cover Up Tape for Tattoos, Scar and Birthmarks, Waterproof and Sweatproof",36.52,0,B0FCRQT9H7,"CURECURE Tattoo Cover Up Patch, 6 Pcs Ultra-Thin Waterproof Tattoo Cover Up Tape for Tattoos, Scars and Birthmarks",36.43,0,B0FH8X8VDF,"Tattoo Cover Up Patch, Waterproof & Sweatproof, Ultra-Thin Breathable Patch Concealer Sticker for Tattoos, Scar, Birthmarks & Spots",26,0,2025/8/10
40,pheromones perfumes for women,TANGDIAABBCC,Feugole,Pure Instinct,Beauty,Guild,Luxury_Beauty,B0FCYDJKCS,"TANGDIAABBCC Pheromones Perfumes for Women, Unique Scent With Pure Pheromones, Roller Ball Design, Portable and Long Lasting, Unleash Your Charm and Stay Confident, 20 ml",38.32,0,B0FKN5TCLZ,"TANGDIAABBCC Pheromones Perfumes for Women, Unique Scent With Pure Pheromones, Elegant and Charming Portable Travel Perfume, Unleash Your Charm and Stay Confident",33.32,0,B0DW92JRZD,"Feugole Pheromones Perfumes for Women,20 ML Long-lasting Roll on Pheromone Perfume to Attract Men,Unique Scent Pheromone Cologne for Women",20.02,0,2025/8/10
41,the pickup,,Paramount,,Digital_Video_Download,Digital_Ebook_Purchase,Video DVD,B0DQ6S1PJC,The Pickup,95.5,,B0DQ6N7QHN,The Pickup,3.23,,B0DMF7MXKT,War of the Worlds,0.34,,2025/8/10
42,desk,Huuger,Lufeiya,DUMOS,Furniture,Home,Electronics,B0DQKSVC1B,DUMOS 32 Inch Office Small Computer Desk Modern Simple Style Writing Study Work Table for Home Bedroom - Wood Black,5.34,3.43,B0BZVX58WF,"Lufeiya White Small Desk with Drawers - 40 Inch Computer Desk for Small Space Home Office, Modern Simple Study Writing Table PC Desks",4.9,1.66,B0B41YH9B6,"ErGear Height Adjustable Electric Standing Desk, 47.2 x 23.6 Inches Sit Stand up Desk, Memory Computer Home Office Desk with Two-Piece Desktop (Black)",4.15,4.27,2025/8/10
43,mini fridge,Upstreman,Electactic,frigidaire,Major Appliances,Kitchen,Biss,B0DN4LSNFF,"YSSOA 4L Mini Fridge with Observation Window, Portable Warmer & Cooler Six 12oz Cans Compact Refrigerator, 100% Eco Friendly and Freon-Free, Pink",8.54,3.06,B09RWFZTWW,"Upstreman 3.2 Cu.Ft Mini Fridge with Freezer, Single Door Mini Fridge, Dorm Fridge, Adjustable Thermostat, Mini Refrigerator for Bedroom, Office, Dorm, Black-BR321",8.41,5.69,B07MY44GBR,"Frigidaire EFR176 Retro Compact Fridge with Chiller Mini Refrigerator with Built-in Bottle Opener for Office, Bedroom, Dorm Room or Cabin, 1.6 cu ft 16"" D x 18"" W x 18.5"" H, Moonlight",4.46,1.53,2025/8/10
44,headphones,Sony,Beats,Soundcore,Electronics,Wireless,PC,B00NJ2M33I,"Sony ZX Series Wired On-Ear Headphones, Black MDR-ZX110",8.9,13.09,B0BS1RT9S2,"Sony WH-CH520 Wireless Headphones Bluetooth On-Ear Headset with Microphone, Blue New",5.55,1.11,B0DLKB5V35,"Soundcore Anker Life Q20 Hybrid Active Noise Cancelling Headphones, Wireless Over Ear Bluetooth Headphones, 70H Playtime, Hi-Res Audio, Deep Bass, Memory Foam Ear Cups, Travel, Office, USB-C Charging",3.28,1.37,2025/8/10
45,protein powder,ON,Orgain,Body Fortress,Health & Personal Care,Grocery,Fresh_Perishable,B00J074W7Q,"Orgain Organic Vegan Protein Powder, Vanilla Bean - 21g Plant Protein, 4g Prebiotic Fiber, No Lactose Ingredients, No Added Sugar, Non-GMO, For Shakes & Smoothies, 2.03 lb (Packaging May Vary)",5.66,4.3,B002DYIZH6,"Optimum Nutrition Gold Standard 100% Whey Protein Powder, Double Rich Chocolate 1.98 Pound (Packaging May Vary)",5.09,2.56,B0BJLBD427,"Body Fortress 100% Whey, Premium Protein Powder, Chocolate, 1.78lbs",4.28,1.9,2025/8/10
46,laptop,HP,Lenovo,Asus,PC,Toys,Electronics,B0947BJ67M,"HP 14 Laptop, Intel Celeron N4020, 4 GB RAM, 64 GB Storage, 14-inch Micro-edge HD Display, Windows 11 Home, Thin & Portable, 4K Graphics, One Year of Microsoft 365 (14-dq0040nr, Snowflake White)",11.03,13.76,B0DZQCTH92,"HP 15.6 inch Laptop, HD Touchscreen Display, AMD Ryzen 3 7320U, 8 GB RAM, 128 GB SSD, AMD Radeon Graphics, Windows 11 Home in S Mode, Natural Silver, 15- fc0099nr",4.77,4.7,B0CZKPF2QH,"HP Stream 14"" HD BrightView Laptop, Intel Celeron N4120, 16GB RAM, 288GB Storage (128GB eMMC + 160GB Docking Station Set), Intel UHD Graphics, 720p Webcam, Wi-Fi, 1 Year Office 365, Win 11 S, Silver",3.64,2.68,2025/8/10
47,crocs,Crocs,,BULLIANT,Shoes,Jewelry,Outdoors,B0014C0LSY,"Crocs Unisex-Adult Classic Clogs, Black, 9 Women/7 Men",10.9,1.89,B0D61BF86T,"Crocs Unisex Classic Clog Pink Milk Men's 7, Women's 9 M",5.51,0.15,B0CNJ4BMXZ,Crocs Unisex Classic Clog Pink Crush Men 5 Women 7 Medium,4.67,0.07,2025/8/10
48,dexter,,Paramount,VINTAGE CRIME/BLACK LIZARD,Digital_Video_Download,Video DVD,Digital_Ebook_Purchase,B0C5LNQ27M,Dexter - Season 1,17.42,0,B0F99K65H2,Dexter: Resurrection,12.73,0,B0C5LC93FJ,Dexter,10.12,0,2025/8/10
49,pens,Sharpie,Paper Mate,BiC,Office Products,Home,Tools,B082PN4X5J,"Sharpie S-Gel Gel Pens, Black Barrel, Medium Point (0.7mm), Black Gel Ink Pens, 12 Count - Home, Office, School, Journaling, Writing, Note-Taking, Teacher Supplies",11.98,13.37,B0C9W8DD9S,"Ddaowanx Gel Pens, 6 Pcs 0.5mm Quick Dry Black Ink Pens Fine Point Smooth Writing Pens, Cute Office School Supplies Gifts for Women",7.19,4.21,B019QBOG3U,Paper Mate Colorful Gel Pens - InkJoy Gel Pens Assorted Medium Point (0.7). Perfect for Vibrant Colored Writing and Sketching with Paper Mate InkJoy 14 Count,5.57,3.05,2025/8/10
50,iphone 16 pro case,SUPFINE,Otterbox,CAPRARO,Wireless,Electronics,Kitchen,B0DPMMMLP7,"SUPFINE Magnetic for iPhone 16 Pro Case (Compatible with MagSafe) (Military Grade Drop Protection) Translucent Matte Shockproof with Anti-Fingerprint Phone Cover,Black",10.97,7.71,B0DB1TDQ9S,FNTCASE for iPhone 16 Pro Case: iPhone 16 Pro Phone Clear Case Magnetic Military Grade Drop Protection Anti Yellowing Cell Phone Cover - Rugged Shockproof Protective Bumper Transparent Cases(Clear),4.37,3.26,B0D8B5SH38,"ORNARTO Compatible with iPhone 16 Pro Case 6.3"", Slim Liquid Silicone 3 Layers Soft Gel Rubber Shockproof Protective Case with Anti-Scratch Microfiber Lining-Chalk Pink",3.8,1.47,2025/8/10
51,wicked,,Mattel,William Morrow,Digital_Video_Download,Toys,Digital_Music_Purchase,B0DH16WXFD,Wicked - Bonus X-Ray Edition,83.97,0,B0DGZV9Z5Z,Wicked - Bonus X-Ray Edition,7.67,0,B0B6RWRZNP,Wicked,0.69,0,2025/8/10
52,creatine,Nutricost,ON,THORNE,Health & Personal Care,Grocery,Digital_Ebook_Purchase,B00GL2HMES,"Nutricost Creatine Monohydrate Micronized Powder 500G, 5000mg Per Serv (5g) - 100 Servings, 17.9 Oz",17.54,14.06,B002DYIZEO,"Optimum Nutrition Micronized Creatine Monohydrate Powder, Unflavored, 120 Servings, 600 Grams (Packaging May Vary)",9.14,6.72,B07978VPPH,"THORNE Creatine - Micronized Creatine Monohydrate Powder, Amino Acid Support for Muscles, Cellular Energy & Cognitive Function* - Unflavored - NSF Certified for Sport - 5 g per Serving - 90 Servings",5.88,5.23,2025/8/10
53,tattoo cover up makeup waterproof,WOPLAGYREAT,Yakitoko,COPEAKY,Beauty,Video DVD,Biss,B0FD7KJL7T,"Tattoo Cover Up Makeup Waterproof, 2 Colors Body Concealer for Tattoo, Dark Spots, Scars, Vitiligo",43.37,0,B0FCLXYKG4,"Tattoo Cover Up, Tattoo Cover Up Makeup Waterproof Sweatproof, Suitable for Tattoos, Scars, Spots & Vitiligo, Invisible & Natural, Skin-Friendly, 2 Colors",24.15,0,B0F2FM7QGD,"Full Coverage Tattoo Cover Up Makeup – Waterproof & Sweatproof Concealer for Scars, Vitiligo, Dark Spots – Long-Lasting, Natural Finish for Body & Legs (2 Colors)",19.59,0,2025/8/10
54,apple watch bands,AMSKY,SuperNaNa,Fullmosa,Wireless,Electronics,Watches,B0B2ZYHJKP,"6 Pack Sport Bands Compatible with Apple Watch Band 38mm 40mm 41mm 42mm 44mm 45mm 49mm 46mm,Silicone Waterproof Strap Compatible with iWatch Apple Watch Series 10 9 Ultra 8 7 6 5 4 3 2 1 SE Women Men",6.48,2.78,B07F1RRQXQ,"Fullmosa Compatible Apple Watch Bands 45mm 44mm 42mm 46mm 49mm 41mm 40mm 38mm, Metal iWatch Band with Case for Apple Watch Series 9 8 7 6 5 4 3 2 1 SE 10 Ultra, 42mm 44mm 45mm Black",4.75,1.2,B0CTH4VRZF,"10 Pack Stretchy Bands Compatible with Apple Watch Band 40mm 38mm 41mm 42mm 44mm 45mm 46mm 49mm Women Men, Water-Resistant Solo Loop Elastic Sport Straps for iWatch Series 10 9 8 7 6 5 4 3 SE Ultra",3.21,2.05,2025/8/10
55,vanity,LIVELYGLOW,YESHOMY,T4TREAM,Furniture,Home,Beauty,B0CTTXQ51V,"YESHOMY Vanity Desk with Mirror, Power Outlet and 10 Lights, Makeup Table with 7 Drawers, 3 Color Modes Available for Bedroom, Pure White",4.69,0.4,B0DHZK79JH,"HUAHUU Vanity Desk with Mirror and Lights, Makeup Vanity Desk with Lights 3 Colors, Transparent Top Vanity with 2 RGB Drawers, 6 Shelves, Large Tempered Cabinet, Power Outlet, for Bedroom, White",3.37,1.19,B0CDP2FQJ8,"Quimoo Large Vanity Desk with LED Lighted Mirror & Power Outlet,Makeup Vanity Table with 7 Drawers,4 Shelves and 5 Hooks,Vanity Table, Vanity Desk Set for Bedroom,Bathroom,White",2.65,0.79,2025/8/10
56,composition notebook,Mead,Rosmonde,Oxford,Office Products,Books,Toys,B071NRXVBP,"Mead Composition Notebook, 3 Pack, Wide Ruled Paper, 7-1/2"" x 9-3/4"", 100 Sheets per Comp Book, Black Marble (38301)",25.69,27.83,B0BYGD1L2N,"C-Line Composition Notebook, Wide Ruled, Marble Cover, 1 Notebook, Color May Vary (22010)",7.52,4.41,B0CN3SKN8M,"Mead Composition Notebook, 6 Pack, Wide Ruled Paper, 7-1/2"" x 9-3/4"", 100 Sheets per Comp Book, Assorted Colors (950054-ECM)",5.68,5.09,2025/8/10
57,aaa batteries,Amazon Basics,Duracell,Energizer,Health & Personal Care,Electronics,Biss,B00NTCHCU2,"Amazon Basics AAA Alkaline High-Performance Batteries, 1.5 Volt, 10-Year Shelf Life, 20 count (Pack of 1)",29.16,23.24,B00LH3DMUO,"Amazon Basics AAA Alkaline High-Performance Batteries, 1.5 Volt, 10-Year Shelf Life, 36 Count (Pack of 1)",14.69,13.15,B004K95PBQ,"Duracell Coppertop AAA Batteries with Power Boost Ingredients, 24 Count Pack Triple A Battery with Long-Lasting Power, Alkaline AAA Battery for Household and Office Devices",6.26,6.03,2025/8/10
58,dresser,WLIVE,OLIXIS,Sweetcrispy,Furniture,Home,Baby,B0DL64N5NZ,"OLIXIS Dresser for Bedroom, 7 Storage Drawers, Wide Fabric Closet Chests Organizer Tower Furniture, TV Stand with Wooden Top Metal Frame for Clothes, Living Room, Hallway, Entryway, Classic White",7.34,4.84,B095PF22B8,"WLIVE 9-Drawer Dresser, Fabric Storage Tower for Bedroom, Hallway, Entryway, Closet, Tall Chest Organizer Unit with Fabric Bins, Steel Frame, Wood Top, Easy Pull Handle, Rustic Brown Wood Grain Print",4.82,2.81,B0CQ1QWY35,"Sweetcrispy Dresser, Dresser for Bedroom Drawer Organizer Storage Drawers, Fabric Storage Tower with 8 Drawers, Chest of Drawers with Steel Frame, Wood Top for Nursery, Living Room, Closet",3.45,1.72,2025/8/10
59,medicube,medicube,TOSOWOONG,BIODANCE,Beauty,Health & Personal Care,Luxury_Beauty,B09V7Z4TJG,"Medicube Zero Pore Pads 2.0, Dual-Textured Facial Toner Pads for Exfoliation and Pore Care with 4.5% AHA Lactic Acid & 0.45% BHA Salicylic Acid, Ideal for All Skin Types, Korean Skin Care (70 units)",21.89,22.44,B0DGTMR754,"medicube Salmon DNA PDRN pink collagen jelly gel mask | overnight face mask for glass glow skin- elasticity, hydrating, firming and moisturizing | korean skincare, 28g, 4ea",8.88,8.18,B0BRMYHMS5,"medicube Collagen Overnight Wrapping Peel Off Facial Mask Pack - Elasticity & Hydration Care, Reduces Sagging & Dullness - Hydrolyzed Collagen For Glowing Skin - Korean Skin Care, 2.53 fl.oz",7.47,5.61,2025/8/10
60,nintendo switch 2,Nintendo,MUMBA,CoBak,Video Games,PC,Digital_Video_Games,B0FC5FJZ9Z,Nintendo Switch 2 + Mario Kart World Bundle,56.24,30.64,B0F3GWXLTS,Nintendo Switch 2 System,14.49,0.58,B0BFJWCYTL,Nintendo Switch™ with Neon Blue and Neon Red Joy‑Con™,8.62,10.4,2025/8/10
61,lego,LEGO,,Kravkind,Toys,Digital_Video_Download,Home,B0DX3J6MT7,"LEGO Super Mario Game Boy - Retro Building Sets for Adults, Ages 18+ - Collectible Model with Game Paks and Display Stand - Birthday Gifts for Men & Women - 72046",8.72,1.47,B00NHQFA1I,"LEGO Classic Medium Creative Brick Box 10696 Building Toy Set - Featuring Storage, Includes Train, Car, and a Tiger Figure, and Playset for Kids, Boys, and Girls Ages 4-99",4.8,5.44,B0DRW6C2RF,"LEGO Botanicals Happy Plants Building Toys - Bedroom or Dorm Room Decor for Girls, Boys, & Adults, Desk or Shelf Display - Birthday Gift Ideas for Kids, Ages 9+ - 10349",3.84,3.74,2025/8/10
62,portable charger,charmast,VRURC,INIU,Wireless,Electronics,Lawn and Garden,B0CY2JJ4WS,"Portable Charger with Built in Cables, Portable Charger with Cords Wires Slim 10000mAh Travel Essentials Battery Pack 6 Outputs 3A High Speed Power Bank for iPhone Samsung Pixel LG Moto iPad",10.27,7.59,B07CZDXDG8,"INIU Portable Charger, Slimmest 10000mAh 5V/3A Power Bank, USB C in&out High-Speed Charging Battery Pack, External Phone Powerbank Compatible with iPhone 16 15 14 13 12 Samsung S22 S21 Google iPad etc",8.16,6.39,B0BL7P8K16,"VRURC Portable Charger Power Bank, 10000mAh Travel Essentials Battery Pack, 5 Outputs 2 Inputs Slim Charging Bank Built-in Cables Cords Wires Compatible with iPhone,Samsung,Android-Pink(1 Pack)",3.92,1.49,2025/8/10
63,queen bed frame,NEW JETO,Allewie,Fluest,Furniture,Home,Kitchen,B0B8VQLN6Y,"NEW JETO Metal Bed Frame,Queen Size Bed Frame with Storage Space,Heavy Duty Sturdy Mattress Foundation,Easy Assembly,No Box Spring Needed, Black,14 Inch,Queen",12.14,15.63,B0CKQSJ333,"Lifezone Queen Bed Frame with 2-Tier Storage Headboard, Metal Platform Bed Frame with 4 Storage Drawers, Built in Charging Station & LED, Noise-Free/Metal Support/No Box Spring Needed, Vintage Brown",3.19,0.59,B0CGKPHL7D,"Fluest Queen Bed Frame with Headboard and Footboard, with Under Bed Storage, All-Metal Support System, No Box Spring Needed, Easy Assembly,Rustic Brown",2.81,1.93,2025/8/10
64,mechanical pencil,BiC,Paper Mate,Four Candies,Office Products,Toys,Home,B001CD9RRG,"BIC Xtra Strong Mechanical Pencils with Erasers, Thick Point (0.9mm), 24-Count, Mechanical Pencils for School or Office Supplies",17.6,19.06,B09QXWMDZ8,"Paper Mate Clearpoint Mechanical Pencils, 0.7mm HB #2 Pencil Lead, 2 Pencils, Assorted Barrel Colors, 10 Count - Back to School,Teacher Supplies, Drawing, Sketching",7.78,6.4,B089TYRM7Q,"Bic Mechanical Pencil #2 EXTRA SMOOTH, 40 Pack Of Twenty 0.5mm, and Twenty 0.7 mm - Assorted Colored Barrels - Variety Pack of Bic Lead Pencils",5.97,3.15,2025/8/10
65,weapons,,WB,Umarex,Digital_Video_Download,Sports,Video DVD,B0FG67CL7J,Weapons,81.46,0,B0FG63B6FK,Weapons,14.34,0,B0FG6ML111,Weapons,1.96,0,2025/8/10
66,patio deals,wudipatio,Fussion,Devoko,Lawn and Garden,Furniture,Home Improvement,B0DK9Q7P1T,"wudipatio 6 Pieces Outdoor Patio Furniture Sets with Furniture Cover, PE Rattan Wicker Patio Conversation Set with Tea Table (Peacock Blue, Rattan Storage Table)",7.61,3.46,B0DFCGDVCK,"4 Pack 10Ft String Light Poles for Outside, Thickened Metal Lights Hanger Pole Outdoor with Fork, Lighting Hanging Post Accessories for Patio Decor Garden Backyard Yard Front Porch Outside Decorations",6.75,2.08,B07DJ6J6GD,Flamaker 3 Pieces Patio Set Outdoor Wicker Furniture Sets Modern Rattan Chair Conversation Sets with Coffee Table for Yard and Bistro (Black),2.86,0.35,2025/8/10
67,hangers,Amazon Basics,Utopia Home,HOUSE DAY,Home,Biss,Home Improvement,B06X421WJ6,Utopia Home - Plastic Hangers 50 Pack - Space Saving Clothes Hanger - Durable and Strong Closet Organizers and Storage Makes It Ideal Apartment or Dorm Room Essentials for Girls or Guys (White),11.35,9.37,B00FXNAAW2,"Amazon Basics Slim, Velvet, Non-Slip Suit Clothes Hangers, Pack of 50, Black",10.24,8.36,B09GS2ZJDM,"Amazon Basics Slim Velvet, Non-Slip Suit Clothes Hangers, Pack of 50, Navy Blue/Rose Gold",9.22,1.35,2025/8/10
68,ballard,,National Geographic,"Little, Brown",Digital_Video_Download,Video DVD,Biss,B0F589BQ9F,Ballard,33.21,,B0F55JM7MS,Ballard - Season 1,20.22,,B0F9TV7TYX,Library of Lost Souls,14.82,,2025/8/10
69,rice cooker,AROMA,CUCKOO,COMFEE',Kitchen,Home,Biss,B007WQ9YNO,"AROMA Digital Rice Cooker, 4-Cup (Uncooked) / 8-Cup (Cooked), Steamer, Grain Cooker, Multicooker, 2 Qt, Stainless Steel Exterior, ARC-914SBD",19.58,16.35,B0979TYRYN,"Aroma Housewares 4-Cups (Cooked) / 1Qt. Rice & Grain Cooker (ARC-302NG), White",10.77,9.37,B00N9N6GOY,"Aroma Housewares Aroma 6-cup (cooked) 1.5 Qt. One Touch Rice Cooker, White (ARC-363NG), 6 cup cooked/ 3 cup uncook/ 1.5 Qt.",8.93,4.41,2025/8/10
70,colored pencils,Crayola,Amazon Basics,KALOUR,Toys,Office Products,Home,B00006RVTS,"Crayola Colored Pencils (36ct), Kids Pencil Set, Back to School Essentials, Must Have Classroom Supplies for Kids, Pre-Sharpened Coloring Book Pencils, 3+",36.35,41.25,B07D93R5HV,"Amazon Basics Colored Pencils for Coloring and Drawing, Premium, Soft Core, Back to School Supplies, 24 Count (Pack of 1), Multicolor",13.14,11.59,B0002HYYHG,Crayola Colouring Pencils - Assorted Colours (Pack of 12) | A Must-Have for All Kids Arts & Crafts Sets | Ideal for Kids Aged 3+,6.9,3.97,2025/8/10
71,airtag,Apple,ANNNWZZD,BowenBo,Wireless,Pet Products,Electronics,B0CWXNS552,"Apple AirTag. Keep Track of and find Your Keys, Wallet, Luggage, Backpack, and More. Simple one-tap Set up with iPhone or iPad",51.47,51.34,B0D54JZTHY,"Apple AirTag 4 Pack. Keep Track of and find Your Keys, Wallet, Luggage, Backpack, and More. Simple one-tap Set up with iPhone or iPad",24.04,24.63,B0FCBL6NB8,"ANNNWZZD Air-Tag 4 Pack Item Finders with Apple Find My APP (iOS Only) Air Tags Help You Track Your Keys, Wallet, Luggage, Backpack, Super Lightweight, Comes with 4 Beautiful Keyrings",3.35,1.56,2025/8/10
72,air purifier,Levoit,FULMINARE,MOOKA,Home,Kitchen,Biss,B09GTRVJQM,"LEVOIT Air Purifiers for Bedroom Home, 3-in-1 Filter Cleaner with Fragrance Sponge for Better Sleep, Filters Smoke, Allergies, Pet Dander, Odor, Dust, Office, Desktop, Portable, Core Mini-P, White",20.33,14.54,B07VVK39F7,"LEVOIT Air Purifier for Home Allergies Pet Hair in Bedroom, Covers Up to 1073 ft² by 56W High Torque Motor, AHAM VERIFIDE, 3-in-1 Filter with HEPA Sleep Mode, Remove Dust Smoke Odor, Core300-P, White",12.34,6.34,B0B4ZSKPNL,"Air Purifiers for Bedroom, FULMINARE H13 True HEPA Air Filter, Quiet Air Cleaner With Night Light,Portable Small Air Purifier for Home, Office, Living Room",7.22,6.07,2025/8/10
72,transformers,,TRANSFORMERS,AMAZON PRIME VIDEO,Digital_Video_Download,Toys,Books,B00BTO5THK,Transformers,24.82,0,B00BTO5UBU,Transformers: Revenge of the Fallen,13.17,0,B0D6JSXGFW,Transformers: Dark of the Moon,12.26,0,2025/8/10
74,pimple patches,Mighty Patch,Peach Slices,Daolyo,Beauty,Health & Personal Care,Luxury_Beauty,B074PVTPBW,Mighty Patch™ Original patch from Hero Cosmetics – The #1 Hydrocolloid Acne Pimple Patch for Shrinking Zits and Whiteheads in 1 use; Nighttime Spot Stickers for Face and Skin (36 Count),18.55,17.27,B0CCRWC6W9,"Daolyo Pimple Patches for Face, 4 Size 300 Counts Acne Patches, Hydrocolloid Patches for Covering Zits and Blemishes, Spot Stickers with Salicylic Acid, Tea Tree Oil & Calendula Oil",10.63,9.07,B07FPT52DY,"Peach Slices | Acne Spot Dots | Hydrocolloid Acne Patches | For Zits, Blemishes, & Breakouts | Vegan | Cruelty-Free | Pimple Patches | Facial Skin Care Products | 3 Sizes (7mm, 10mm, & 12mm) | 30 Ct",9.3,6.29,2025/8/10
75,bread,Nature's Own,Dave's Killer Bread,365 BY WHOLE FOODS MARKET,Fresh_Perishable,Grocery,Digital_Music_Purchase,B000LR4XJ6,"Nature's Own Honey Wheat, Honey Wheat Sandwich Bread, 20 oz Loaf",6.73,5.9,B0049W8JHQ,"Nature's Own Butterbread, Sliced White Bread, 20 oz Loaf",5.35,4.68,B0071JHNWG,"Dave's Killer Bread 21 Whole Grains & Seeds Thin-Sliced, Whole Grain Organic Bread, 20.5 oz Loaf",5.13,4.39,2025/8/10
76,milk,365 BY WHOLE FOODS MARKET,Amazon Grocery,Organic Valley,Fresh_Perishable,Grocery,Health & Personal Care,B0BRBBX5B5,"Organic Valley, Grassmilk Whole Organic, 64 Ounce",3.23,3.09,B000O6K8TI,"Organic Valley, Organic Whole Milk, 64 Oz (Half Gallon)",3.22,2.86,B0D6TFZBF8,"Amazon Grocery, Whole Milk, 1 Gallon, 128 Fl Oz",3.15,2.22,2025/8/10
77,blackout curtains,NICETOWN,Joydeco,100% Blackout Shield,Home,Home Improvement,Camera,B01CS31R94,"NICETOWN Halloween Pitch Black Solid Thermal Insulated Grommet Blackout Curtains/Drapes for Bedroom Window (2 Panels, 42 inches Wide by 63 inches Long, Black)",13.9,5.75,B0BR3STN87,"100% Blackout Shield Linen Blackout Curtains for Bedroom 84 Inches Long, Back Tab/Rod Pocket Living Room Drapes, Thermal Insulated Blackout Curtains 2 Panels Set, 50"" W x 84"" L, Cream",12.82,4.1,B09228LT3G,"Joydeco 84 Inch Blackout Curtains for Bedroom - Thermal Insulated Room Darkening Light Blocking Curtains with Grommets, Noise Reducing & Wrinkle-Free Drapes for Living Room Windows, 2 Panels",7.91,2.88,2025/8/10
78,shower caddy,EUDELE,YASONIC,Veken,Home,Furniture,Biss,B0BLSCY6PR,"EUDELE Adhesive Shower Caddy, 5 Pack Rustproof Stainless Steel Bath Organizers With Large Capacity, No Drilling Shelves for Bathroom Storage & Home Decor-XL Size",13.15,9.34,B09SZ9T4MV,"Eudele Mesh Shower Caddy Portable for College Dorm Room Essentials, 8-Pocket Large Capacity Shower Bag for Beach, Swimming, Gym",9.68,6.87,B09MFDXZHJ,"Moforoco Shower Caddy Shelf Organizer Rack, Self Adhesive Black Bathroom Shelves Basket, Home Farmhouse Wall Inside Organization and Storage Decor Rv Accessories, First Camper Apartment Essentials",4.64,4.94,2025/8/10
79,travel essentials,Tocelffe,Taygeer,Temdan,Luggage,Home,Beauty,B0BZWMJM2F,"18pack Travel Bottles for Toiletries,TSA Approved Silicone Travel Containers for Toiletries,Leak Proof Refillable Liqus Shampoo And Conditioner travel Essentials toiletry Bottles",6.65,2.85,B09MQWWP87,"Taygeer Travel Backpack for Women, Carry On Backpack with USB Charging Port & Shoe Pouch, TSA 15.6inch Laptop Mochila Flight Approved, Nurse Bag Casual Daypack for Weekender Business Hiking, Pink",6.34,1.32,B0DHYJ9CGH,"Temdan for Travel Essentials,3 in 2 USB C Cable for Apple Watch Charger/iPhone 16 Charger/Lightning,Multi Charging Cable Cord,Camping Essentials,Portable Designed for iWatch Series &iPhone 16-12-4FT",4.29,0.81,2025/8/10
80,lash clusters,Pawotence,Goddvenus,ALICE,Beauty,Biss,Guild,B0C74B6XN8,"Pawotence Lash Extension Kit DIY 280pcs Lash Clusters Eyelash Extension Kit, 9-16mm 30D 40D Individual Lashes Kit with Lash Bond and Seal, Lash Tweezers for Self Use (30D&40D, 0.07D, 9-16mm, Kit)",8.91,4.33,B0DK8DCVK7,Goddvenus Lash Clusters Kit Wispy Eyelash Clusters Lashes Natural DIY Lash Extension Kit 10-16mm Cluster Eyelash Extensions Kit 300pcs C Curl Individual Lashes Cluster Eyelash (No Tweezers),8.4,3.57,B0DM8ZT4PF,Lash Clusters 100D Long 12-20mm Lash Spikes Eyelash Clusters Volume Individual Lashes DIY Spiky Lash Extension Mega Cluster Eyelash Extensions Mink Strips Lashes Thick by CORUSCATE,3.02,1.32,2025/8/10
81,pencils,Amazon Basics,Ticonderoga,BiC,Office Products,Toys,Home,B071JM699B,"Amazon Basics Woodcased Classroom 2 Pencils with Erasers, Pre-sharpened, HB Lead, Value Pack of 30 count, Orange",26.47,25.97,B006CSPZK4,"Ticonderoga Wood-Cased Pencils, Pre-Sharpened, #2 HB Soft, Yellow, 30 Count",13.49,12.97,B071JM699P,"Amazon Basics Wood-Cased #2 Pencils, Pre-sharpened, HB Lead Bulk Box, 150 Count, Yellow",7.91,6.81,2025/8/10
82,magnesium complex,Toplux,Clean Nutraceuticals,Nature Made,Health & Personal Care,Grocery,Beauty,B0CRY2SVPV,"Magnesium Complex Supplement 8 Elemental 1000mg - Magnesium Glycinate, Citrate, Malate, Taurate, Chelated for Easy Absorption for Bones, Muscle, Recovery, Energy, Vegan Non-GMO 90 Capsules",34.2,27.46,B0BVXYD59M,"Clean Nutraceuticals Magnesium Complex with Magnesium Glycinate Citrate Malate Oxide Taurate Aspartate Orotate & Mag Chloride, Zinc Copper Manganese & Vitamin C B1 B2 B6 B12 Complex - 1Pack",5.08,2.82,B0DH23CS1J,"Vitalibre 10 in 1 Magnesium Complex, 420mg Elemental Magnesium | Ultra Strength, Max Absorption | Chelated Magnesium Supplement for Sleep, Nerves & Heart Health | Non-GMO, 120 Vegan Capsules",4.44,4.1,2025/8/10
83,laundry detergent,ARM & HAMMER,Tide,GAIN,Health & Personal Care,Biss,Home,B0BSNXFDML,"ARM & HAMMER Plus OxiClean Odor Blasters Fresh Burst, 128 Loads Liquid Laundry Detergent, 166.5 Fl oz",11.14,10.19,B0BSNXN4YX,"ARM & HAMMER Liquid Laundry Detergent, Clean Burst Fresh, 170 fl oz, 170 Loads",4.24,3.82,B085V5PPP8,"Tide Liquid Laundry Detergent, Original, 64 loads, 84 fl oz, HE Compatible (Packaging May Vary)",4.08,4.42,2025/8/10
84,owala water bottle 24 oz,OWALA,,Simple Modern,Kitchen,Outdoors,Guild,B085DV8T75,"Owala FreeSip Insulated Stainless Steel Water Bottle with Straw, BPA-Free Sports Water Bottle, Great for Travel, 24 Oz, Shy Marshmallow",40.18,8.96,B0F2WPH4PF,"Owala Disney Princess FreeSip Insulated Stainless Steel Water Bottle with Straw for Sports and Travel, BPA-Free Sports Water Bottle, 24 oz, Rapunzel",10.52,1.32,B0FDS46BP8,"Owala FreeSip Insulated Stainless Steel Water Bottle with Straw for Sports and Travel, BPA-Free Sports Water Bottle, 24 oz, Crown Jewel",5.68,1.63,2025/8/10
85,liquid iv,LIQUID I.V.,NatureWorks,Venture Pal,Health & Personal Care,Grocery,Pet Products,B0CG7W485N,"Liquid I.V.® Hydration Multiplier - Variety Pack - Lemon Lime, Passion Fruit, Strawberry, Tropical Punch | Electrolyte Powder Drink Mix | 1 Pack (16 Servings)",14.38,9.08,B0CHN5D13P,Liquid I.V.® Hydration Multiplier - Popsicle Firecracker | Electrolyte Powder Drink Mix | 1 Pack (16 Servings),9.04,5.74,B08MVDTLKC,Liquid I.V.® Hydration Multiplier - Strawberry | Electrolyte Powder Drink Mix | 1 Pack (16 Servings),5.51,3.76,2025/8/10
86,press on nails,BTArtbox,Glamnetic,CTTHNBD,Beauty,Luxury_Beauty,Biss,B0DNB1N219,Press on Nails Almond Fake Nails French Tip False Nails with Gold Line Design Glue on Nails Press ons Medium Acrylic Nails Glossy Full Cover Stick on Nails for Women Manicure 24Pcs,7.8,2.67,B0BWPT4SZJ,"Glamnetic Press On Nails - Goal Digger | Glossy, Semi-Transparent, Short Round Nails, Reusable | 12 Sizes - 30 Nail Kit with Glue",4.23,1.57,B0DFLWM1WT,24 Pcs Almond Press on Nails Medium Fake Nails with Glue French Tip False Nails with Brown Leopard Pattern Design Artificial Acrylic Nails Press ons Reusable Almond Nails Glue on Nails for Women,3.19,0.63,2025/8/10
87,ice maker,EUHOMY,COWSAR,Crzoe,Major Appliances,Kitchen,Biss,B0BWHZJHPL,"EUHOMY Countertop Ice Maker Machine with Handle, 26lbs in 24Hrs, 9 Ice Cubes Ready in 6 Mins, Auto-Cleaning Portable Ice Maker with Basket and Scoop, for Home/Kitchen/Camping/RV. (Black)",16.58,14.98,B0FCM4Z8YX,"COWSAR Ice Maker Countertop, Portable Ice Machine with Self-Cleaning, 26.5 lbs/24Hrs, 8 Ice Cubes in 6 Mins, Ice Basket and Scoop, Ideal for Home, Kitchen, Bar, Camping",14.67,14.15,B0F6LGG6ZW,"DUMOS Countertop Ice Maker with Handle, 26lbs/24H Portable Ice Machine, 9 Bullet Ice Cubes Ready in 6 Mins, Self-Cleaning, Quiet Compact Ice Maker for Home, Kitchen, RV, Camping, Black",6.21,6.24,2025/8/10
88,creed,,Creed,WARNER BROS,Digital_Video_Download,Digital_Music_Purchase,Luxury_Beauty,B017WQ0IQU,Creed,46.08,0,B07KPZMT25,Creed II (4K UHD),29.4,0,B0B8TGB4W9,Creed III,11.97,0,2025/8/10
89,curtains,NICETOWN,Joydeco,Nanspring,Home,Sports,Digital_Video_Download,B0BZDLT95R,"Joydeco Blackout Curtains for Bedroom - Natural Linen Curtains 52"" W x 84"" L (Pack of 2), Thermal Insulated 100% Blackout 2 Panels Linen Rod Pocket & Back Tabs Light Blocking Drapes for Living Room",7.84,1.62,B0BWJDW3BX,Cream Linen Back Tab Curtains 84 Inch Length for Living Room 2 Panel Set Neutral Modern Farmhouse Window Privacy Semi Sheer Linen Drapes Rustic Pinch Pleated Look Curtain Natural Ivory Colored,6.39,1.89,B01CS31R94,"NICETOWN Halloween Pitch Black Solid Thermal Insulated Grommet Blackout Curtains/Drapes for Bedroom Window (2 Panels, 42 inches Wide by 63 inches Long, Black)",5.38,1.62,2025/8/10
90,led lights,DAYBETTER,KSIPZE,Tenmiro,Home Improvement,Home,Automotive,B09V366BDY,KSIPZE 100ft Led Strip Lights RGB Music Sync Color Changing Bluetooth Led Lights with Smart App Control Remote Led Lights for Bedroom Room Lighting Flexible Home Décor,19.75,17.35,B0D4DJ6BRR,"DAYBETTER LED Strip Lights 130ft Lights Strip for Bedroom, Desk, Indoor Room Bedroom Brithday Gifts RGB Decor with Remote and 24V Power Supply",8.59,7.22,B0932M1666,"Tenmiro Led Lights for Bedroom 100ft (2 Rolls of 50ft) Music Sync Color Changing Strip Lights with Remote and App Control RGB Strip, for Room Home Party Decoration",6.32,6.63,2025/8/10
91,fan,Dreo,Amazon Basics,HONEYWELL,Home,Home Improvement,Digital_Video_Download,B082MY2MX3,"Amazon Basics Air Circulator Fan, Desk Fan for Bedroom, Home and Office, With 90-Degree Tilt Head, 3 Speed Settings, Lightweight (3 LBS), 35 Watts, Black, 11.1""W x 6.3""D x 10.9""H",10.86,13.04,B09MKPDJRT,"Dreo Tower Fan for Bedroom, 25ft/s Velocity Quiet Floor Fan, 90° Oscillating Fans for Indoors with 4 Speeds, 4 Modes, 8H Timer, Standing Fans, Bladeless Fan, Black, Nomad One (DR-HTF007)",9.49,5.36,B001R1RXUG,"Honeywell Turboforce Fan, Ht-900, 11 inch",9.04,12.92,2025/8/10
92,halloween decorations,LinkCute,AYGXU,JOYIN,Lawn and Garden,Home,Home Improvement,B0FCC1BBTX,Halloween Decorations Outdoor - 5 FT Large Hanging Swing Ghost Halloween Decor with String Lights - Spooky Cute Ghosts Decorations for Front Porch Yard Tree,5.13,1.33,B0D3T94XJN,"2Packs Halloween Decorations Outdoor,Halloweens Party Decoration Indoor,Spooky Ghost with Remote Control String Lights,Halloween-Ghost Lights for Porches Yards Gardens Lawn",4.5,1.16,B0D454ZJKF,"12 PCS Halloween Witch Hats, Black Hanging Witch Hat, Witch Costume Accessories Witches Hat with 328 FT Nylon Cord Wizard Hats Indoor Outdoor Halloween Decorations for Home Yard Porch Ceiling",2.77,2.66,2025/8/10
93,avocado,Fresh Produce,Produce,365 BY WHOLE FOODS MARKET,Fresh_Produce,Fresh_Perishable,Grocery,B000NOGKN4,Medium Hass Avocado,36.57,35.32,B0014GLSE6,Large Organic Hass Avocado,11.95,11.44,B07FYCB4WX,"Organic Bagged Hass Avocados, 4 Count",11.71,10.4,2025/8/10
94,glue sticks,ELMER'S,Amazon Basics,Adtech,Office Products,Biss,Home,B003ULCZ7M,Elmer's Disappearing Purple School Glue Sticks Washable 6 Grams 12 Count,35.88,36.29,B00143SNPG,Elmer's Disappearing Purple School Glue Sticks Washable 22 Grams 3 Count,22.92,21.22,B000VXO4L2,Elmer's Disappearing Purple School Glue Sticks Washable 7 Grams 30 Count,16.45,15.71,2025/8/10
95,dry erase markers,EXPO,Amazon Basics,maxtek,Office Products,Home,Toys,B00006IFIK,EXPO Low Odor Dry Erase Markers Chisel Tip Assorted Colors 4 Count,14.46,15.93,B0004F7GUI,"EXPO Dry Erase Markers, Low Odor Ink, Assorted Colors, Chisel Tip, 12 Count - Easily Erases, Vibrant Ink, Ideal for Classroom, Back to School Supplies, Teachers, Office, Whiteboard & Home",13.95,11.85,B00T3ROM9G,"Amazon Basics Dry Erase Markers For Whiteboards, Chisel Tip, Low-Odor, Assorted Colors, Pack of 12",11.25,9.91,2025/8/10
96,t,,Jozorro,AUDIBLE,Digital_Video_Download,Apparel,Audible,B09NF5WQ5Q,The Summer I Turned Pretty,72,0,B0FG6DHCQN,Last Dance,5.33,0,B0D6XN334B,Twisters,4.67,0,2025/8/10
97,how to train your dragon,,UNIVERSAL,"Little, Brown Books for Young Readers",Digital_Video_Download,Video DVD,Toys,B0F7RBM86H,How to Train Your Dragon (2025),49.73,0,B079HVH54S,How to Train Your Dragon 2,13,0,B079J5MNNM,How to Train Your Dragon,9.15,0,2025/8/10
98,school supplies,BiC,Amazon Basics,Four Candies,Office Products,Biss,Home,B087TZCTFG,"Amazon Basics Erasable Highlighters Assorted Colors, Dual Tip, 12-Pack, Office and School Supplies for Note-Taking",6,2.49,B09RGH38NZ,"BIC Xtra-Smooth Pastel Mechanical Pencils with Erasers, Medium Point (0.7mm), 24-Count Pack, Bulk Mechanical Pencils for School or Office Supplies",4.59,3.43,B0CDGL2J8R,"Four Candies 39 PCS Aesthetic School Supplies with Cute Pen Case, 12 Pastel Highlighters, 5 Black Ink Gel Pens, 6 Mechanical Pencils Set 0.5 & 0.7 mm for Students Stationary College Essentials (Pink)",4.48,0.67,2025/8/10
99,shower head,Hotel Spa,Veken,SparkPod,Home Improvement,Sports,Outdoors,B0C8611GZV,"Veken Wide Rain Shower Head with 6 Modes Handheld Water Spray,High Pressure Showerhead Combo with Arm for Bathroom Accessories,Home Decor Detachable Dual Shower with Anti-Clog Nozzles,Silver Chrome",6.34,2.13,B08WPQ12XX,"AquaCare High Pressure 8-mode Handheld Shower Head - Anti-clog Nozzles, Built-in Power Wash to Clean Tub, Tile & Pets, Extra Long 6 ft. Stainless Steel Hose, Wall & Overhead Brackets",5.86,4.02,B07SQ4R65K,"HOPOPRO 5-Mode High Pressure Shower Head - The Washington Post, NBC News, Today TV Show Recommended - High Flow Fixed Showerheads (4 Inch Chrome)",5.64,4.65,2025/8/10
100,jurassic world,,Mattel,UNIVERSAL,Digital_Video_Download,Toys,Video DVD,B00ZHWHU40,Jurassic World,44.56,0,B0DH167RJQ,Jurassic World Rebirth,24.46,0,B07DRDD91M,Jurassic World: Fallen Kingdom,6.61,0,2025/8/10
